Year,Week,From,To,H1,H3,B,AandB,H1_proportion,H3_proportion,B_proportion,AandB_proportion
2014,1,29/12/2013,04/01/2014,93,111,64,268,0.043,0.0513,0.0296,0.1238
2014,2,05/01/2014,11/01/2014,230,140,109,479,0.0954,0.058,0.0452,0.1986
2014,3,12/01/2014,18/01/2014,249,144,104,497,0.1079,0.0624,0.0451,0.2154
2014,4,19/01/2014,25/01/2014,305,169,127,601,0.1178,0.0653,0.0491,0.2321
2014,5,26/01/2014,01/02/2014,321,171,179,671,0.12,0.0639,0.0669,0.2507
2014,6,02/02/2014,08/02/2014,394,177,202,773,0.1295,0.0582,0.0664,0.2541
2014,7,09/02/2014,15/02/2014,405,168,181,754,0.1565,0.0649,0.0699,0.2913
2014,8,16/02/2014,22/02/2014,431,206,267,904,0.1497,0.0716,0.0927,0.314
2014,9,23/02/2014,01/03/2014,411,178,291,880,0.1426,0.0618,0.101,0.3053
2014,10,02/03/2014,08/03/2014,229,131,291,651,0.091,0.0521,0.1157,0.2587
2014,11,09/03/2014,15/03/2014,122,78,288,488,0.0501,0.0321,0.1184,0.2006
2014,12,16/03/2014,22/03/2014,110,60,299,469,0.0431,0.0235,0.1171,0.1837
2014,13,23/03/2014,29/03/2014,61,53,297,411,0.0241,0.0209,0.1173,0.1623
2014,14,30/03/2014,05/04/2014,46,40,189,275,0.021,0.0183,0.0865,0.1258
2014,15,06/04/2014,12/04/2014,38,53,196,287,0.0149,0.0208,0.0768,0.1125
2014,16,13/04/2014,19/04/2014,26,21,161,208,0.0113,0.0091,0.0697,0.0901
2014,17,20/04/2014,26/04/2014,7,19,149,175,0.003,0.0083,0.0649,0.0762
2014,18,27/04/2014,03/05/2014,6,25,117,148,0.0027,0.0114,0.0534,0.0675
2014,19,04/05/2014,10/05/2014,2,29,63,94,0.001,0.015,0.0326,0.0486
2014,20,11/05/2014,17/05/2014,14,11,58,83,0.0073,0.0057,0.0302,0.0433
2014,21,18/05/2014,24/05/2014,6,38,61,105,0.003,0.0193,0.0309,0.0532
2014,22,25/05/2014,31/05/2014,6,80,54,140,0.0029,0.0388,0.0262,0.0679
2014,23,01/06/2014,07/06/2014,12,118,80,210,0.0056,0.0553,0.0375,0.0985
2014,24,08/06/2014,14/06/2014,12,191,64,267,0.0055,0.0875,0.0293,0.1223
2014,25,15/06/2014,21/06/2014,5,162,60,227,0.0024,0.0791,0.0293,0.1108
2014,26,22/06/2014,28/06/2014,2,143,34,179,0.0011,0.0784,0.0186,0.0981
2014,27,29/06/2014,05/07/2014,3,171,14,188,0.0016,0.0916,0.0075,0.1007
2014,28,06/07/2014,12/07/2014,2,169,17,188,0.001,0.0869,0.0087,0.0967
2014,29,13/07/2014,19/07/2014,3,138,33,174,0.0016,0.0717,0.0172,0.0904
2014,30,20/07/2014,26/07/2014,0,103,18,121,0,0.0596,0.0104,0.07
2014,31,27/07/2014,02/08/2014,1,96,29,126,0.0006,0.0562,0.017,0.0737
2014,32,03/08/2014,09/08/2014,1,76,12,89,0.0006,0.046,0.0073,0.0538
2014,33,10/08/2014,16/08/2014,4,43,11,58,0.0026,0.0278,0.0071,0.0374
2014,34,17/08/2014,23/08/2014,2,37,11,50,0.0014,0.025,0.0074,0.0338
2014,35,24/08/2014,30/08/2014,2,49,9,60,0.0012,0.0299,0.0055,0.0366
2014,36,31/08/2014,06/09/2014,1,33,8,42,0.0005,0.0179,0.0043,0.0228
2014,37,07/09/2014,13/09/2014,1,23,19,43,0.0005,0.0124,0.0103,0.0233
2014,38,14/09/2014,20/09/2014,1,22,15,38,0.0005,0.0113,0.0077,0.0195
2014,39,21/09/2014,27/09/2014,3,9,14,26,0.0015,0.0045,0.0071,0.0131
2014,40,28/09/2014,04/10/2014,8,16,12,36,0.0042,0.0084,0.0063,0.0188
2014,41,05/10/2014,11/10/2014,2,6,5,13,0.0011,0.0032,0.0027,0.007
2014,42,12/10/2014,18/10/2014,4,9,4,17,0.0021,0.0047,0.0021,0.009
2014,43,19/10/2014,25/10/2014,4,3,4,11,0.0022,0.0017,0.0022,0.0061
2014,44,26/10/2014,01/11/2014,1,6,2,9,0.0005,0.0031,0.001,0.0046
2014,45,02/11/2014,08/11/2014,0,4,1,5,0,0.002,0.0005,0.0025
2014,46,09/11/2014,15/11/2014,0,3,1,4,0,0.0017,0.0006,0.0022
2014,47,16/11/2014,22/11/2014,0,11,7,18,0,0.0052,0.0033,0.0086
2014,48,23/11/2014,29/11/2014,0,15,2,17,0,0.007,0.0009,0.0079
2014,49,30/11/2014,06/12/2014,0,29,3,32,0,0.0142,0.0015,0.0156
2014,50,07/12/2014,13/12/2014,1,62,10,73,0.0005,0.0287,0.0046,0.0338
2014,51,14/12/2014,20/12/2014,0,77,3,80,0,0.0324,0.0013,0.0337
2014,52,21/12/2014,27/12/2014,20,199,6,225,0.008,0.0798,0.0024,0.0902
2015,1,28/12/2014,03/01/2015,0,447,20,467,0,0.1457,0.0065,0.1522
2015,2,04/01/2015,10/01/2015,3,698,31,732,0.0009,0.2083,0.0093,0.2184
2015,3,11/01/2015,17/01/2015,3,954,38,995,0.0009,0.2813,0.0112,0.2933
2015,4,18/01/2015,24/01/2015,5,1508,40,1553,0.0012,0.3495,0.0093,0.3599
2015,5,25/01/2015,31/01/2015,15,1947,40,2002,0.0029,0.3754,0.0077,0.386
2015,6,01/02/2015,07/02/2015,7,1622,49,1678,0.0014,0.3342,0.0101,0.3457
2015,7,08/02/2015,14/02/2015,6,1209,53,1268,0.0013,0.26,0.0114,0.2727
2015,8,15/02/2015,21/02/2015,6,953,56,1015,0.0015,0.2354,0.0138,0.2507
2015,9,22/02/2015,28/02/2015,11,970,68,1049,0.0023,0.2058,0.0144,0.2225
2015,10,01/03/2015,07/03/2015,24,705,88,817,0.0058,0.1701,0.0212,0.1971
2015,11,08/03/2015,14/03/2015,18,576,87,681,0.0047,0.1516,0.0229,0.1792
2015,12,15/03/2015,21/03/2015,18,507,91,616,0.0044,0.1239,0.0222,0.1505
2015,13,22/03/2015,28/03/2015,14,406,108,528,0.0038,0.1115,0.0297,0.1451
2015,14,29/03/2015,04/04/2015,7,197,84,288,0.0025,0.0712,0.0304,0.1041
2015,15,05/04/2015,11/04/2015,11,283,140,434,0.0027,0.0698,0.0345,0.1071
2015,16,12/04/2015,18/04/2015,3,144,117,264,0.0009,0.044,0.0357,0.0806
2015,17,19/04/2015,25/04/2015,5,153,120,278,0.0016,0.0495,0.0388,0.0899
2015,18,26/04/2015,02/05/2015,14,111,107,232,0.0047,0.0371,0.0358,0.0776
2015,19,03/05/2015,09/05/2015,11,90,80,181,0.0037,0.0304,0.0271,0.0612
2015,20,10/05/2015,16/05/2015,9,106,78,193,0.0031,0.0369,0.0271,0.0671
2015,21,17/05/2015,23/05/2015,9,133,75,217,0.0032,0.0477,0.0269,0.0779
2015,22,24/05/2015,30/05/2015,4,185,95,284,0.0013,0.0624,0.0321,0.0958
2015,23,31/05/2015,06/06/2015,0,393,109,502,0,0.1178,0.0327,0.1504
2015,24,07/06/2015,13/06/2015,3,632,116,751,0.0008,0.1657,0.0304,0.1969
2015,25,14/06/2015,20/06/2015,8,780,109,897,0.0023,0.2241,0.0313,0.2578
2015,26,21/06/2015,27/06/2015,9,882,92,983,0.0022,0.2159,0.0225,0.2406
2015,27,28/06/2015,04/07/2015,18,895,82,995,0.0047,0.234,0.0214,0.2601
2015,28,05/07/2015,11/07/2015,9,623,52,684,0.0026,0.1822,0.0152,0.2
2015,29,12/07/2015,18/07/2015,5,413,44,462,0.0016,0.1296,0.0138,0.145
2015,30,19/07/2015,25/07/2015,5,244,38,287,0.0018,0.0874,0.0136,0.1028
2015,31,26/07/2015,01/08/2015,3,155,29,187,0.0011,0.0554,0.0104,0.0668
2015,32,02/08/2015,08/08/2015,7,154,30,191,0.0024,0.0531,0.0104,0.0659
2015,33,09/08/2015,15/08/2015,2,106,46,154,0.0007,0.0368,0.016,0.0534
2015,34,16/08/2015,22/08/2015,2,99,41,142,0.0008,0.0381,0.0158,0.0546
2015,35,23/08/2015,29/08/2015,2,107,24,133,0.0007,0.0388,0.0087,0.0482
2015,36,30/08/2015,05/09/2015,0,51,13,64,0,0.0204,0.0052,0.0256
2015,37,06/09/2015,12/09/2015,0,57,8,65,0,0.0214,0.003,0.0244
2015,38,13/09/2015,19/09/2015,3,37,13,53,0.001,0.0126,0.0044,0.0181
2015,39,20/09/2015,26/09/2015,1,26,7,34,0.0004,0.0092,0.0025,0.012
2015,40,27/09/2015,03/10/2015,2,24,11,37,0.0007,0.009,0.0041,0.0138
2015,41,04/10/2015,10/10/2015,6,10,11,27,0.0022,0.0037,0.0041,0.01
2015,42,11/10/2015,17/10/2015,0,20,5,25,0,0.0073,0.0018,0.0091
2015,43,18/10/2015,24/10/2015,1,13,9,23,0.0003,0.0045,0.0031,0.008
2015,44,25/10/2015,31/10/2015,5,15,4,24,0.0017,0.0052,0.0014,0.0082
2015,45,01/11/2015,07/11/2015,2,17,11,30,0.0007,0.0058,0.0038,0.0103
2015,46,08/11/2015,14/11/2015,11,9,13,33,0.0039,0.0032,0.0046,0.0118
2015,47,15/11/2015,21/11/2015,2,4,10,16,0.0007,0.0014,0.0036,0.0058
2015,48,22/11/2015,28/11/2015,15,7,15,37,0.0054,0.0025,0.0054,0.0133
2015,49,29/11/2015,05/12/2015,8,6,10,24,0.0027,0.002,0.0033,0.008
2015,50,06/12/2015,12/12/2015,4,7,10,21,0.0014,0.0024,0.0035,0.0073
2015,51,13/12/2015,19/12/2015,14,11,21,46,0.0045,0.0036,0.0068,0.0149
2015,52,20/12/2015,26/12/2015,29,10,30,69,0.009,0.0031,0.0093,0.0213
2016,1,27/12/2015,02/01/2016,49,13,35,97,0.0157,0.0042,0.0112,0.031
2016,2,03/01/2016,09/01/2016,85,10,46,141,0.0265,0.0031,0.0144,0.044
2016,3,10/01/2016,16/01/2016,102,13,51,166,0.0329,0.0042,0.0165,0.0536
2016,4,17/01/2016,23/01/2016,161,13,56,230,0.0491,0.004,0.0171,0.0701
2016,5,24/01/2016,30/01/2016,228,11,67,306,0.0645,0.0031,0.0189,0.0865
2016,6,31/01/2016,06/02/2016,407,55,156,618,0.1034,0.014,0.0396,0.1571
2016,7,07/02/2016,13/02/2016,708,59,244,1011,0.1558,0.013,0.0537,0.2225
2016,8,14/02/2016,20/02/2016,783,52,336,1171,0.1599,0.0106,0.0686,0.2392
2016,9,21/02/2016,27/02/2016,850,55,370,1275,0.1714,0.0111,0.0746,0.2571
2016,10,28/02/2016,05/03/2016,739,45,504,1288,0.1446,0.0088,0.0986,0.2521
2016,11,06/03/2016,12/03/2016,474,25,506,1005,0.1019,0.0054,0.1088,0.2161
2016,12,13/03/2016,19/03/2016,315,20,441,776,0.0742,0.0047,0.1038,0.1827
2016,13,20/03/2016,26/03/2016,273,18,367,658,0.0842,0.0056,0.1132,0.203
2016,14,27/03/2016,02/04/2016,372,30,572,974,0.0705,0.0057,0.1085,0.1847
2016,15,03/04/2016,09/04/2016,271,22,411,704,0.0652,0.0053,0.0988,0.1693
2016,16,10/04/2016,16/04/2016,293,19,349,661,0.072,0.0047,0.0857,0.1624
2016,17,17/04/2016,23/04/2016,247,25,343,615,0.06,0.0061,0.0833,0.1494
2016,18,24/04/2016,30/04/2016,197,27,377,601,0.0454,0.0062,0.0868,0.1384
2016,19,01/05/2016,07/05/2016,150,20,266,436,0.0373,0.005,0.0662,0.1085
2016,20,08/05/2016,14/05/2016,96,21,196,313,0.0279,0.0061,0.0571,0.0911
2016,21,15/05/2016,21/05/2016,88,22,249,359,0.0194,0.0049,0.055,0.0792
2016,22,22/05/2016,28/05/2016,35,22,157,214,0.0093,0.0058,0.0415,0.0566
2016,23,29/05/2016,04/06/2016,26,19,75,120,0.0068,0.005,0.0197,0.0315
2016,24,05/06/2016,11/06/2016,22,9,72,103,0.0067,0.0027,0.0218,0.0312
2016,25,12/06/2016,18/06/2016,3,32,46,81,0.0009,0.0098,0.0141,0.0248
2016,26,19/06/2016,25/06/2016,6,46,45,97,0.0017,0.0133,0.013,0.0281
2016,27,26/06/2016,02/07/2016,3,106,38,147,0.001,0.0355,0.0127,0.0493
2016,28,03/07/2016,09/07/2016,3,79,29,111,0.001,0.0256,0.0094,0.036
2016,29,10/07/2016,16/07/2016,1,82,18,101,0.0003,0.0253,0.0056,0.0312
2016,30,17/07/2016,23/07/2016,1,106,16,123,0.0003,0.0331,0.005,0.0384
2016,31,24/07/2016,30/07/2016,5,102,15,122,0.0016,0.033,0.0049,0.0395
2016,32,31/07/2016,06/08/2016,6,115,7,128,0.002,0.0379,0.0023,0.0422
2016,33,07/08/2016,13/08/2016,6,104,17,127,0.002,0.0342,0.0056,0.0417
2016,34,14/08/2016,20/08/2016,4,112,13,129,0.0014,0.0394,0.0046,0.0453
2016,35,21/08/2016,27/08/2016,6,212,10,228,0.002,0.0691,0.0033,0.0744
2016,36,28/08/2016,03/09/2016,6,202,11,219,0.002,0.0668,0.0036,0.0724
2016,37,04/09/2016,10/09/2016,1,231,3,235,0.0003,0.076,0.001,0.0773
2016,38,11/09/2016,17/09/2016,3,466,10,479,0.0009,0.14,0.003,0.1439
2016,39,18/09/2016,24/09/2016,7,545,3,555,0.0018,0.1386,0.0008,0.1411
2016,40,25/09/2016,01/10/2016,1,403,4,408,0.0003,0.1227,0.0012,0.1242
2016,41,02/10/2016,08/10/2016,2,450,3,455,0.0005,0.1206,0.0008,0.1219
2016,42,09/10/2016,15/10/2016,0,343,4,347,0,0.1021,0.0012,0.1033
2016,43,16/10/2016,22/10/2016,1,270,6,277,0.0003,0.087,0.0019,0.0892
2016,44,23/10/2016,29/10/2016,2,284,4,290,0.0006,0.0844,0.0012,0.0862
2016,45,30/10/2016,05/11/2016,1,287,1,289,0.0003,0.0873,0.0003,0.0879
2016,46,06/11/2016,12/11/2016,1,270,1,272,0.0003,0.0791,0.0003,0.0797
2016,47,13/11/2016,19/11/2016,0,251,3,254,0,0.07,0.0008,0.0708
2016,48,20/11/2016,26/11/2016,1,223,1,225,0.0003,0.0644,0.0003,0.065
2016,49,27/11/2016,03/12/2016,2,211,5,218,0.0006,0.06,0.0014,0.0619
2016,50,04/12/2016,10/12/2016,1,193,2,196,0.0003,0.0528,0.0005,0.0536
2016,51,11/12/2016,17/12/2016,1,173,17,191,0.0003,0.0457,0.0045,0.0504
2016,52,18/12/2016,24/12/2016,3,150,7,160,0.0008,0.041,0.0019,0.0438
2016,53,25/12/2016,31/12/2016,2,211,7,220,0.0006,0.0601,0.002,0.0627
2017,1,01/01/2017,07/01/2017,12,212,8,232,0.0032,0.0561,0.0021,0.0614
2017,2,08/01/2017,14/01/2017,21,279,22,322,0.0053,0.0698,0.0055,0.0805
2017,3,15/01/2017,21/01/2017,16,288,3,307,0.0042,0.0762,0.0008,0.0812
2017,4,22/01/2017,28/01/2017,24,261,19,304,0.0069,0.0753,0.0055,0.0878
2017,5,29/01/2017,04/02/2017,35,320,20,375,0.0079,0.0726,0.0045,0.0851
2017,6,05/02/2017,11/02/2017,25,317,14,356,0.0061,0.0772,0.0034,0.0867
2017,7,12/02/2017,18/02/2017,18,342,22,382,0.0043,0.0813,0.0052,0.0908
2017,8,19/02/2017,25/02/2017,22,345,28,395,0.0051,0.0798,0.0065,0.0914
2017,9,26/02/2017,04/03/2017,30,329,20,379,0.0073,0.0802,0.0049,0.0924
2017,10,05/03/2017,11/03/2017,16,308,28,352,0.0038,0.073,0.0066,0.0834
2017,11,12/03/2017,18/03/2017,19,255,31,305,0.0046,0.0612,0.0074,0.0732
2017,12,19/03/2017,25/03/2017,37,220,31,288,0.009,0.0537,0.0076,0.0703
2017,13,26/03/2017,01/04/2017,35,150,44,229,0.0085,0.0364,0.0107,0.0556
2017,14,02/04/2017,08/04/2017,35,154,37,226,0.0086,0.0377,0.0091,0.0553
2017,15,09/04/2017,15/04/2017,30,124,46,200,0.0094,0.0387,0.0144,0.0625
2017,16,16/04/2017,22/04/2017,84,244,68,396,0.017,0.0493,0.0137,0.08
2017,17,23/04/2017,29/04/2017,128,224,39,391,0.0324,0.0567,0.0099,0.099
2017,18,30/04/2017,06/05/2017,145,238,51,434,0.0352,0.0578,0.0124,0.1053
2017,19,07/05/2017,13/05/2017,126,314,54,494,0.0303,0.0755,0.013,0.1188
2017,20,14/05/2017,20/05/2017,125,421,40,586,0.0286,0.0964,0.0092,0.1342
2017,21,21/05/2017,27/05/2017,95,471,52,618,0.0215,0.1068,0.0118,0.1401
2017,22,28/05/2017,03/06/2017,107,566,58,731,0.0228,0.1207,0.0124,0.1558
2017,23,04/06/2017,10/06/2017,96,540,35,671,0.0215,0.1212,0.0079,0.1506
2017,24,11/06/2017,17/06/2017,80,596,38,714,0.0181,0.1346,0.0086,0.1612
2017,25,18/06/2017,24/06/2017,58,820,35,913,0.0131,0.1846,0.0079,0.2056
2017,26,25/06/2017,01/07/2017,79,1414,34,1527,0.0162,0.2896,0.007,0.3127
2017,27,02/07/2017,08/07/2017,97,2026,68,2191,0.0158,0.3293,0.0111,0.3561
2017,28,09/07/2017,15/07/2017,108,2560,73,2741,0.016,0.3791,0.0108,0.4059
2017,29,16/07/2017,22/07/2017,102,2496,52,2650,0.0149,0.365,0.0076,0.3875
2017,30,23/07/2017,29/07/2017,42,2326,34,2402,0.0062,0.3425,0.005,0.3537
2017,31,30/07/2017,05/08/2017,21,1391,37,1449,0.0037,0.2423,0.0064,0.2524
2017,32,06/08/2017,12/08/2017,23,852,32,907,0.0045,0.1671,0.0063,0.1779
2017,33,13/08/2017,19/08/2017,47,489,45,581,0.0102,0.1065,0.0098,0.1266
2017,34,20/08/2017,26/08/2017,25,299,50,374,0.0059,0.071,0.0119,0.0888
2017,35,27/08/2017,02/09/2017,17,121,43,181,0.0044,0.0316,0.0112,0.0472
2017,36,03/09/2017,09/09/2017,25,69,38,132,0.0066,0.0183,0.0101,0.035
2017,37,10/09/2017,16/09/2017,25,57,59,141,0.0062,0.0141,0.0146,0.0348
2017,38,17/09/2017,23/09/2017,7,49,52,108,0.0017,0.0119,0.0126,0.0262
2017,39,24/09/2017,30/09/2017,9,22,45,76,0.0023,0.0056,0.0115,0.0195
2017,40,01/10/2017,07/10/2017,10,13,32,55,0.0028,0.0037,0.009,0.0154
2017,41,08/10/2017,14/10/2017,7,26,49,82,0.0018,0.0068,0.0128,0.0214
2017,42,15/10/2017,21/10/2017,2,26,41,69,0.0005,0.0071,0.0112,0.0189
2017,43,22/10/2017,28/10/2017,7,17,50,74,0.0021,0.0051,0.0149,0.0221
2017,44,29/10/2017,04/11/2017,9,27,62,98,0.0022,0.0065,0.0149,0.0235
2017,45,05/11/2017,11/11/2017,2,21,54,77,0.0005,0.0054,0.0139,0.0198
2017,46,12/11/2017,18/11/2017,8,11,48,67,0.0021,0.0029,0.0127,0.0177
2017,47,19/11/2017,25/11/2017,14,9,58,81,0.0038,0.0025,0.0158,0.0221
2017,48,26/11/2017,02/12/2017,11,23,69,103,0.0029,0.0061,0.0182,0.0272
2017,49,03/12/2017,09/12/2017,9,15,85,109,0.0023,0.0039,0.0219,0.0281
2017,50,10/12/2017,16/12/2017,18,18,104,140,0.0044,0.0044,0.0254,0.0342
2017,51,17/12/2017,23/12/2017,13,24,172,209,0.0032,0.0059,0.0421,0.0512
2017,52,24/12/2017,30/12/2017,41,34,343,418,0.0091,0.0075,0.0759,0.0925
2018,1,31/12/2017,06/01/2018,80,74,528,682,0.0171,0.0158,0.1125,0.1454
2018,2,07/01/2018,13/01/2018,86,57,681,824,0.0168,0.0112,0.1334,0.1614
2018,3,14/01/2018,20/01/2018,179,118,1346,1643,0.0249,0.0164,0.1876,0.229
2018,4,21/01/2018,27/01/2018,164,96,1681,1941,0.0217,0.0127,0.2223,0.2567
2018,5,28/01/2018,03/02/2018,175,83,1492,1750,0.0237,0.0112,0.2016,0.2365
2018,6,04/02/2018,10/02/2018,270,78,1614,1962,0.0323,0.0093,0.1933,0.235
2018,7,11/02/2018,17/02/2018,221,65,1391,1677,0.035,0.0103,0.22,0.2653
2018,8,18/02/2018,24/02/2018,418,80,1978,2476,0.0434,0.0083,0.2052,0.2569
2018,9,25/02/2018,03/03/2018,389,58,1064,1511,0.0528,0.0079,0.1445,0.2052
2018,10,04/03/2018,10/03/2018,328,40,692,1060,0.0515,0.0063,0.1085,0.1663
2018,11,11/03/2018,17/03/2018,260,35,430,725,0.046,0.0062,0.076,0.1282
2018,12,18/03/2018,24/03/2018,185,32,268,485,0.0341,0.0059,0.0494,0.0894
2018,13,25/03/2018,31/03/2018,75,16,135,226,0.0188,0.004,0.0339,0.0567
2018,14,01/04/2018,07/04/2018,77,24,114,215,0.0132,0.0041,0.0196,0.0369
2018,15,08/04/2018,14/04/2018,78,28,47,153,0.0173,0.0062,0.0104,0.034
2018,16,15/04/2018,21/04/2018,53,16,17,86,0.0123,0.0037,0.0039,0.02
2018,17,22/04/2018,28/04/2018,70,21,20,111,0.0161,0.0048,0.0046,0.0255
2018,18,29/04/2018,05/05/2018,55,15,24,94,0.0127,0.0035,0.0055,0.0217
2018,19,06/05/2018,12/05/2018,40,14,18,72,0.0095,0.0033,0.0043,0.0171
2018,20,13/05/2018,19/05/2018,35,15,3,53,0.0081,0.0035,0.0007,0.0122
2018,21,20/05/2018,26/05/2018,30,20,8,58,0.0071,0.0047,0.0019,0.0137
2018,22,27/05/2018,02/06/2018,32,12,4,48,0.0076,0.0029,0.001,0.0114
2018,23,03/06/2018,09/06/2018,39,15,4,58,0.0097,0.0037,0.001,0.0145
2018,24,10/06/2018,16/06/2018,43,6,4,53,0.0105,0.0015,0.001,0.0129
2018,25,17/06/2018,23/06/2018,37,6,1,44,0.0094,0.0015,0.0003,0.0112
2018,26,24/06/2018,30/06/2018,17,11,4,32,0.0043,0.0028,0.001,0.008
2018,27,01/07/2018,07/07/2018,26,34,8,68,0.0068,0.0089,0.0021,0.0177
2018,28,08/07/2018,14/07/2018,85,20,3,108,0.0221,0.0052,0.0008,0.0281
2018,29,15/07/2018,21/07/2018,97,18,6,121,0.0229,0.0042,0.0014,0.0286
2018,30,22/07/2018,28/07/2018,67,19,2,88,0.0164,0.0047,0.0005,0.0216
2018,31,29/07/2018,04/08/2018,66,4,2,72,0.0162,0.001,0.0005,0.0177
2018,32,05/08/2018,11/08/2018,55,18,2,75,0.0131,0.0043,0.0005,0.0179
2018,33,12/08/2018,18/08/2018,89,27,4,120,0.0215,0.0065,0.001,0.0289
2018,34,19/08/2018,25/08/2018,78,24,1,103,0.0186,0.0057,0.0002,0.0246
2018,35,26/08/2018,01/09/2018,51,46,0,97,0.012,0.0108,0,0.0229
2018,36,02/09/2018,08/09/2018,61,68,3,132,0.0145,0.0162,0.0007,0.0314
2018,37,09/09/2018,15/09/2018,73,60,0,133,0.0169,0.0139,0,0.0308
2018,38,16/09/2018,22/09/2018,74,39,1,114,0.0185,0.0098,0.0003,0.0286
2018,39,23/09/2018,29/09/2018,92,47,0,139,0.0225,0.0115,0,0.034
2018,40,30/09/2018,06/10/2018,114,27,3,144,0.0271,0.0064,0.0007,0.0343
2018,41,07/10/2018,13/10/2018,72,22,1,95,0.0167,0.0051,0.0002,0.0221
2018,42,14/10/2018,20/10/2018,49,19,0,68,0.0122,0.0047,0,0.017
2018,43,21/10/2018,27/10/2018,60,22,4,86,0.0141,0.0052,0.0009,0.0202
2018,44,28/10/2018,03/11/2018,96,31,4,131,0.0216,0.007,0.0009,0.0294
2018,45,04/11/2018,10/11/2018,100,53,8,161,0.0219,0.0116,0.0018,0.0353
2018,46,11/11/2018,17/11/2018,112,30,6,148,0.0248,0.0066,0.0013,0.0328
2018,47,18/11/2018,24/11/2018,156,38,3,197,0.0345,0.0084,0.0007,0.0436
2018,48,25/11/2018,01/12/2018,173,47,6,226,0.0377,0.0103,0.0013,0.0493
2018,49,02/12/2018,08/12/2018,230,88,7,325,0.0437,0.0167,0.0013,0.0617
2018,50,09/12/2018,15/12/2018,272,61,3,336,0.0551,0.0124,0.0006,0.0681
2018,51,16/12/2018,22/12/2018,478,107,5,590,0.0843,0.0189,0.0009,0.104
2018,52,23/12/2018,29/12/2018,635,154,3,792,0.1146,0.0278,0.0005,0.1429
2019,1,30/12/2018,05/01/2019,1018,177,5,1200,0.1681,0.0292,0.0008,0.1982
2019,2,06/01/2019,12/01/2019,1575,254,15,1844,0.215,0.0347,0.002,0.2517
2019,3,13/01/2019,19/01/2019,1999,287,22,2308,0.2594,0.0372,0.0029,0.2995
2019,4,20/01/2019,26/01/2019,1714,301,8,2023,0.219,0.0385,0.001,0.2585
2019,5,27/01/2019,02/02/2019,1158,259,23,1440,0.1632,0.0365,0.0032,0.203
2019,6,03/02/2019,09/02/2019,793,206,12,1011,0.1306,0.0339,0.002,0.1665
2019,7,10/02/2019,16/02/2019,773,223,16,1012,0.1213,0.035,0.0025,0.1588
2019,8,17/02/2019,23/02/2019,592,245,24,861,0.0948,0.0392,0.0038,0.1379
2019,9,24/02/2019,02/03/2019,508,289,25,822,0.0824,0.0469,0.0041,0.1334
2019,10,03/03/2019,09/03/2019,473,241,33,747,0.0792,0.0403,0.0055,0.1251
2019,11,10/03/2019,16/03/2019,368,304,37,709,0.0617,0.051,0.0062,0.1189
2019,12,17/03/2019,23/03/2019,308,240,48,596,0.0476,0.0371,0.0074,0.092
2019,13,24/03/2019,30/03/2019,225,221,51,497,0.0368,0.0361,0.0083,0.0812
2019,14,31/03/2019,06/04/2019,131,164,49,344,0.0242,0.0303,0.0091,0.0636
2019,15,07/04/2019,13/04/2019,68,154,78,300,0.011,0.0248,0.0126,0.0483
2019,16,14/04/2019,20/04/2019,48,76,65,189,0.0111,0.0176,0.0151,0.0439
2019,17,21/04/2019,27/04/2019,76,175,146,397,0.0116,0.0266,0.0222,0.0603
2019,18,28/04/2019,04/05/2019,63,105,157,325,0.0116,0.0193,0.0289,0.0598
2019,19,05/05/2019,11/05/2019,46,82,141,269,0.0085,0.0151,0.026,0.0495
2019,20,12/05/2019,18/05/2019,42,83,233,358,0.0076,0.0151,0.0423,0.065
2019,21,19/05/2019,25/05/2019,44,101,244,389,0.0079,0.0181,0.0437,0.0697
2019,22,26/05/2019,01/06/2019,30,78,224,332,0.0059,0.0154,0.0443,0.0656
2019,23,02/06/2019,08/06/2019,30,92,191,313,0.0062,0.0191,0.0396,0.065
2019,24,09/06/2019,15/06/2019,71,137,214,422,0.0128,0.0248,0.0387,0.0764
2019,25,16/06/2019,22/06/2019,99,123,198,420,0.0183,0.0228,0.0367,0.0778
2019,26,23/06/2019,29/06/2019,119,125,173,417,0.0226,0.0238,0.0329,0.0792
2019,27,30/06/2019,06/07/2019,150,137,184,471,0.0313,0.0285,0.0383,0.0981
2019,28,07/07/2019,13/07/2019,170,133,159,462,0.0338,0.0264,0.0316,0.0918
2019,29,14/07/2019,20/07/2019,161,114,135,410,0.0309,0.0219,0.0259,0.0787
2019,30,21/07/2019,27/07/2019,123,118,95,336,0.0259,0.0249,0.02,0.0708
2019,31,28/07/2019,03/08/2019,64,114,62,240,0.0142,0.0253,0.0138,0.0532
2019,32,04/08/2019,10/08/2019,44,113,50,207,0.0093,0.0239,0.0106,0.0438
2019,33,11/08/2019,17/08/2019,46,76,32,154,0.0098,0.0162,0.0068,0.0329
2019,34,18/08/2019,24/08/2019,42,66,29,137,0.0094,0.0148,0.0065,0.0307
2019,35,25/08/2019,31/08/2019,51,61,16,128,0.0117,0.014,0.0037,0.0293
2019,36,01/09/2019,07/09/2019,55,69,17,141,0.0128,0.0161,0.004,0.0328
2019,37,08/09/2019,14/09/2019,47,76,10,133,0.0114,0.0184,0.0024,0.0322
2019,38,15/09/2019,21/09/2019,56,80,17,153,0.0105,0.015,0.0032,0.0286
2019,39,22/09/2019,28/09/2019,25,49,22,96,0.0051,0.01,0.0045,0.0196
2019,40,29/09/2019,05/10/2019,41,42,16,99,0.0085,0.0088,0.0033,0.0206
2019,41,06/10/2019,12/10/2019,28,27,6,61,0.0065,0.0063,0.0014,0.0141
2019,42,13/10/2019,19/10/2019,39,19,4,62,0.0091,0.0044,0.0009,0.0144
2019,43,20/10/2019,26/10/2019,55,20,9,84,0.0116,0.0042,0.0019,0.0177
2019,44,27/10/2019,02/11/2019,42,17,17,76,0.009,0.0036,0.0036,0.0163
2019,45,03/11/2019,09/11/2019,51,14,8,73,0.0107,0.0029,0.0017,0.0153
2019,46,10/11/2019,16/11/2019,57,18,2,77,0.012,0.0038,0.0004,0.0162
2019,47,17/11/2019,23/11/2019,63,9,3,75,0.0132,0.0019,0.0006,0.0157
2019,48,24/11/2019,30/11/2019,67,9,2,78,0.014,0.0019,0.0004,0.0163
2019,49,01/12/2019,07/12/2019,83,27,3,113,0.0173,0.0056,0.0006,0.0235
2019,50,08/12/2019,14/12/2019,102,65,15,182,0.0178,0.0114,0.0026,0.0318
2019,51,15/12/2019,21/12/2019,160,99,17,276,0.0268,0.0166,0.0028,0.0462
2019,52,22/12/2019,28/12/2019,231,102,13,346,0.043,0.019,0.0024,0.0645
2020,1,29/12/2019,04/01/2020,389,184,18,591,0.0681,0.0322,0.0032,0.1035
2020,2,05/01/2020,11/01/2020,871,307,33,1211,0.1264,0.0445,0.0048,0.1757
2020,3,12/01/2020,18/01/2020,928,189,42,1159,0.1463,0.0298,0.0066,0.1827
2020,4,19/01/2020,25/01/2020,984,150,47,1181,0.1563,0.0238,0.0075,0.1876
2020,5,26/01/2020,01/02/2020,846,116,41,1003,0.1196,0.0164,0.0058,0.1417
2020,6,02/02/2020,08/02/2020,266,33,21,320,0.0471,0.0058,0.0037,0.0566
2020,7,09/02/2020,15/02/2020,75,12,6,93,0.0151,0.0024,0.0012,0.0187
2020,8,16/02/2020,22/02/2020,15,5,3,23,0.0026,0.0009,0.0005,0.0041
2020,9,23/02/2020,29/02/2020,11,3,4,18,0.0022,0.0006,0.0008,0.0036
2020,10,01/03/2020,07/03/2020,6,0,1,7,0.0014,0,0.0002,0.0017
2020,11,08/03/2020,14/03/2020,3,5,9,17,0.0007,0.0011,0.002,0.0038
2020,12,15/03/2020,21/03/2020,5,5,15,25,0.0009,0.0009,0.0027,0.0045
2020,13,22/03/2020,28/03/2020,2,1,4,7,0.0005,0.0002,0.0009,0.0016
2020,14,29/03/2020,04/04/2020,2,0,2,4,0.0009,0,0.0009,0.0017
2020,15,05/04/2020,11/04/2020,0,0,1,1,0,0,0.0005,0.0005
2020,16,12/04/2020,18/04/2020,0,0,0,0,0,0,0,0
2020,17,19/04/2020,25/04/2020,0,0,0,0,0,0,0,0
2020,18,26/04/2020,02/05/2020,0,0,0,0,0,0,0,0
2020,19,03/05/2020,09/05/2020,0,0,0,0,0,0,0,0
2020,20,10/05/2020,16/05/2020,0,0,0,0,0,0,0,0
2020,21,17/05/2020,23/05/2020,0,0,0,0,0,0,0,0
2020,22,24/05/2020,30/05/2020,0,1,0,1,0,0.0005,0,0.0005
2020,23,31/05/2020,06/06/2020,0,0,0,0,0,0,0,0
2020,24,07/06/2020,13/06/2020,0,0,0,0,0,0,0,0
2020,25,14/06/2020,20/06/2020,0,0,0,0,0,0,0,0
2020,26,21/06/2020,27/06/2020,0,0,0,0,0,0,0,0
2020,27,28/06/2020,04/07/2020,0,0,0,0,0,0,0,0
2020,28,05/07/2020,11/07/2020,0,0,0,0,0,0,0,0
2020,29,12/07/2020,18/07/2020,0,0,0,0,0,0,0,0
2020,30,19/07/2020,25/07/2020,0,0,0,0,0,0,0,0
2020,31,26/07/2020,01/08/2020,0,0,0,0,0,0,0,0
2020,32,02/08/2020,08/08/2020,0,0,0,0,0,0,0,0
2020,33,09/08/2020,15/08/2020,0,0,0,0,0,0,0,0
2020,34,16/08/2020,22/08/2020,0,0,0,0,0,0,0,0
2020,35,23/08/2020,29/08/2020,0,0,0,0,0,0,0,0
2020,36,30/08/2020,05/09/2020,0,0,0,0,0,0,0,0
2020,37,06/09/2020,12/09/2020,0,0,0,0,0,0,0,0
2020,38,13/09/2020,19/09/2020,0,0,0,0,0,0,0,0
2020,39,20/09/2020,26/09/2020,0,0,0,0,0,0,0,0
2020,40,27/09/2020,03/10/2020,0,0,1,1,0,0,0.0007,0.0007
2020,41,04/10/2020,10/10/2020,0,0,0,0,0,0,0,0
2020,42,11/10/2020,17/10/2020,0,1,0,1,0,0.0007,0,0.0007
2020,43,18/10/2020,24/10/2020,0,1,2,3,0,0.0006,0.0012,0.0018
2020,44,25/10/2020,31/10/2020,1,1,1,3,0.0006,0.0006,0.0006,0.0019
2020,45,01/11/2020,07/11/2020,0,1,2,3,0,0.0006,0.0013,0.0019
2020,46,08/11/2020,14/11/2020,0,1,0,1,0,0.0006,0,0.0006
2020,47,15/11/2020,21/11/2020,0,0,0,0,0,0,0,0
2020,48,22/11/2020,28/11/2020,0,0,2,2,0,0,0.001,0.001
2020,49,29/11/2020,05/12/2020,5,6,6,17,0.0019,0.0023,0.0023,0.0064
2020,50,06/12/2020,12/12/2020,3,3,3,9,0.0014,0.0014,0.0014,0.0041
2020,51,13/12/2020,19/12/2020,1,2,3,6,0.0005,0.001,0.0014,0.0029
2020,52,20/12/2020,26/12/2020,2,2,3,7,0.0004,0.0004,0.0005,0.0012
2021,1,27/12/2020,02/01/2021,0,3,3,6,0,0.0005,0.0005,0.0009
2021,2,03/01/2021,09/01/2021,1,1,1,3,0.0002,0.0002,0.0002,0.0005
2021,3,10/01/2021,16/01/2021,0,0,0,0,0,0,0,0
2021,4,17/01/2021,23/01/2021,1,1,1,3,0.0001,0.0001,0.0001,0.0004
2021,5,24/01/2021,30/01/2021,1,1,3,5,0.0002,0.0002,0.0005,0.0008
2021,6,31/01/2021,06/02/2021,0,0,1,1,0,0,0.0002,0.0002
2021,7,07/02/2021,13/02/2021,0,0,0,0,0,0,0,0
2021,8,14/02/2021,20/02/2021,0,0,0,0,0,0,0,0
2021,9,21/02/2021,27/02/2021,0,0,1,1,0,0,0.0002,0.0002
2021,10,28/02/2021,06/03/2021,0,1,0,1,0,0.0002,0,0.0002
2021,11,07/03/2021,13/03/2021,0,0,0,0,0,0,0,0
2021,12,14/03/2021,20/03/2021,0,0,1,1,0,0,0.0002,0.0002
2021,13,21/03/2021,27/03/2021,0,0,2,2,0,0,0.0003,0.0003
2021,14,28/03/2021,03/04/2021,0,0,0,0,0,0,0,0
2021,15,04/04/2021,10/04/2021,0,0,0,0,0,0,0,0
2021,16,11/04/2021,17/04/2021,0,1,0,1,0,0.0002,0,0.0002
2021,17,18/04/2021,24/04/2021,0,0,1,1,0,0,0.0003,0.0003
2021,18,25/04/2021,01/05/2021,0,0,0,0,0,0,0,0
2021,19,02/05/2021,08/05/2021,0,0,0,0,0,0,0,0
2021,20,09/05/2021,15/05/2021,0,0,0,0,0,0,0,0
2021,21,16/05/2021,22/05/2021,0,0,0,0,0,0,0,0
2021,22,23/05/2021,29/05/2021,0,0,0,0,0,0,0,0
2021,23,30/05/2021,05/06/2021,0,0,0,0,0,0,0,0
2021,24,06/06/2021,12/06/2021,0,0,0,0,0,0,0,0
2021,25,13/06/2021,19/06/2021,0,0,0,0,0,0,0,0
2021,26,20/06/2021,26/06/2021,0,0,0,0,0,0,0,0
2021,27,27/06/2021,03/07/2021,0,0,0,0,0,0,0,0
2021,28,04/07/2021,10/07/2021,0,0,0,0,0,0,0,0
2021,29,11/07/2021,17/07/2021,0,0,0,0,0,0,0,0
2021,30,18/07/2021,24/07/2021,0,0,1,1,0,0,0.0008,0.0008
2021,31,25/07/2021,31/07/2021,0,0,0,0,0,0,0,0
2021,32,01/08/2021,07/08/2021,0,0,0,0,0,0,0,0
2021,33,08/08/2021,14/08/2021,0,0,0,0,0,0,0,0
2021,34,15/08/2021,21/08/2021,0,0,0,0,0,0,0,0
2021,35,22/08/2021,28/08/2021,0,0,0,0,0,0,0,0
2021,36,29/08/2021,04/09/2021,0,0,0,0,0,0,0,0
2021,37,05/09/2021,11/09/2021,0,0,0,0,0,0,0,0
2021,38,12/09/2021,18/09/2021,0,0,1,1,0,0,0.0007,0.0007
2021,39,19/09/2021,25/09/2021,0,0,0,0,0,0,0,0
2021,40,26/09/2021,02/10/2021,0,0,0,0,0,0,0,0
2021,41,03/10/2021,09/10/2021,0,0,0,0,0,0,0,0
2021,42,10/10/2021,16/10/2021,2,2,2,6,0.0015,0.0015,0.0015,0.0046
2021,43,17/10/2021,23/10/2021,0,1,4,5,0,0.0008,0.0031,0.0039
2021,44,24/10/2021,30/10/2021,2,2,5,9,0.0015,0.0015,0.0038,0.0068
2021,45,31/10/2021,06/11/2021,1,2,3,6,0.0007,0.0015,0.0022,0.0044
2021,46,07/11/2021,13/11/2021,2,2,4,8,0.0015,0.0015,0.0031,0.0062
2021,47,14/11/2021,20/11/2021,0,3,2,5,0,0.002,0.0014,0.0034
2021,48,21/11/2021,27/11/2021,1,3,4,8,0.0007,0.0021,0.0028,0.0056
2021,49,28/11/2021,04/12/2021,1,2,3,6,0.0007,0.0014,0.002,0.0041
2021,50,05/12/2021,11/12/2021,0,0,4,4,0,0,0.0026,0.0026
2021,51,12/12/2021,18/12/2021,0,1,1,2,0,0.0007,0.0007,0.0013
2021,52,19/12/2021,25/12/2021,0,0,0,0,0,0,0,0
2022,1,26/12/2021,01/01/2022,0,0,2,2,0,0,0.0014,0.0014
2022,2,02/01/2022,08/01/2022,0,0,0,0,0,0,0,0
2022,3,09/01/2022,15/01/2022,0,0,1,1,0,0,0.0007,0.0007
2022,4,16/01/2022,22/01/2022,0,0,0,0,0,0,0,0
2022,5,23/01/2022,29/01/2022,0,0,0,0,0,0,0,0
2022,6,30/01/2022,05/02/2022,0,0,0,0,0,0,0,0
2022,7,06/02/2022,12/02/2022,0,0,0,0,0,0,0,0
2022,8,13/02/2022,19/02/2022,0,0,0,0,0,0,0,0
2022,9,20/02/2022,26/02/2022,0,0,0,0,0,0,0,0
2022,10,27/02/2022,05/03/2022,0,0,0,0,0,0,0,0
2022,11,06/03/2022,12/03/2022,0,0,0,0,0,0,0,0
2022,12,13/03/2022,19/03/2022,0,0,0,0,0,0,0,0
2022,13,20/03/2022,26/03/2022,0,0,0,0,0,0,0,0
2022,14,27/03/2022,02/04/2022,0,0,0,0,0,0,0,0
2022,15,03/04/2022,09/04/2022,0,0,0,0,0,0,0,0
2022,16,10/04/2022,16/04/2022,0,0,0,0,0,0,0,0
2022,17,17/04/2022,23/04/2022,0,0,0,0,0,0,0,0
2022,18,24/04/2022,30/04/2022,0,0,0,0,0,0,0,0
2022,19,01/05/2022,07/05/2022,0,0,0,0,0,0,0,0
2022,20,08/05/2022,14/05/2022,0,0,0,0,0,0,0,0
2022,21,15/05/2022,21/05/2022,0,2,0,2,0,0.002,0,0.002
2022,22,22/05/2022,28/05/2022,0,0,0,0,0,0,0,0
2022,23,29/05/2022,04/06/2022,0,0,2,2,0,0,0.0018,0.0018
2022,24,05/06/2022,11/06/2022,0,2,0,2,0,0.0015,0,0.0015
2022,25,12/06/2022,18/06/2022,0,6,3,9,0,0.0043,0.0022,0.0065
2022,26,19/06/2022,25/06/2022,0,5,0,5,0,0.0032,0,0.0032
2022,27,26/06/2022,02/07/2022,0,3,0,3,0,0.0022,0,0.0022
2022,28,03/07/2022,09/07/2022,0,1,0,1,0,0.0006,0,0.0006
2022,29,10/07/2022,16/07/2022,0,3,0,3,0,0.0021,0,0.0021
2022,30,17/07/2022,23/07/2022,0,1,0,1,0,0.0007,0,0.0007
2022,31,24/07/2022,30/07/2022,0,2,0,2,0,0.0013,0,0.0013
2022,32,31/07/2022,06/08/2022,1,0,0,1,0.0006,0,0,0.0006
2022,33,07/08/2022,13/08/2022,0,3,1,4,0,0.0018,0.0006,0.0025
2022,34,14/08/2022,20/08/2022,0,2,0,2,0,0.0011,0,0.0011
2022,35,21/08/2022,27/08/2022,0,2,0,2,0,0.0011,0,0.0011
2022,36,28/08/2022,03/09/2022,1,0,0,1,0.0005,0,0,0.0005
2022,37,04/09/2022,10/09/2022,0,0,0,0,0,0,0,0
2022,38,11/09/2022,17/09/2022,0,0,0,0,0,0,0,0
2022,39,18/09/2022,24/09/2022,0,0,0,0,0,0,0,0
2022,40,25/09/2022,01/10/2022,0,0,1,1,0,0,0.0006,0.0006
2022,41,02/10/2022,08/10/2022,0,2,0,2,0,0.0012,0,0.0012
2022,42,09/10/2022,15/10/2022,0,3,2,5,0,0.0016,0.0011,0.0027
2022,43,16/10/2022,22/10/2022,0,0,1,1,0,0,0.0006,0.0006
2022,44,23/10/2022,29/10/2022,3,4,4,11,0.0018,0.0023,0.0023,0.0064
2022,45,30/10/2022,05/11/2022,0,8,4,12,0,0.005,0.0025,0.0075
2022,46,06/11/2022,12/11/2022,0,9,6,15,0,0.0056,0.0038,0.0094
2022,47,13/11/2022,19/11/2022,2,15,0,17,0.0011,0.0084,0,0.0095
2022,48,20/11/2022,26/11/2022,0,11,3,14,0,0.0063,0.0017,0.008
2022,49,27/11/2022,03/12/2022,4,5,4,13,0.0022,0.0028,0.0022,0.0072
2022,50,04/12/2022,10/12/2022,0,9,1,10,0,0.0047,0.0005,0.0052
2022,51,11/12/2022,17/12/2022,2,1,0,3,0.001,0.0005,0,0.0015
2022,52,18/12/2022,24/12/2022,3,11,7,21,0.0011,0.0039,0.0025,0.0075
2022,53,25/12/2022,31/12/2022,10,24,4,38,0.0016,0.0038,0.0006,0.0061
2023,1,01/01/2023,07/01/2023,4,33,3,40,0.0007,0.0055,0.0005,0.0066
2023,2,08/01/2023,14/01/2023,4,41,6,51,0.0006,0.0057,0.0008,0.007
2023,3,15/01/2023,21/01/2023,1,39,3,43,0.0002,0.0064,0.0005,0.0071
2023,4,22/01/2023,28/01/2023,1,44,6,51,0.0002,0.0094,0.0013,0.0109
2023,5,29/01/2023,04/02/2023,12,58,2,72,0.0022,0.0104,0.0004,0.0129
2023,6,05/02/2023,11/02/2023,3,36,7,46,0.0006,0.0067,0.0013,0.0085
2023,7,12/02/2023,18/02/2023,6,48,6,60,0.0012,0.0093,0.0012,0.0116
2023,8,19/02/2023,25/02/2023,7,19,6,32,0.0014,0.0037,0.0012,0.0063
2023,9,26/02/2023,04/03/2023,19,14,1,34,0.0042,0.0031,0.0002,0.0075
2023,10,05/03/2023,11/03/2023,59,23,1,83,0.012,0.0047,0.0002,0.0169
2023,11,12/03/2023,18/03/2023,148,34,3,185,0.0284,0.0065,0.0006,0.0355
2023,12,19/03/2023,25/03/2023,277,72,9,358,0.0475,0.0123,0.0015,0.0614
2023,13,26/03/2023,01/04/2023,499,132,10,641,0.0809,0.0214,0.0016,0.1039
2023,14,02/04/2023,08/04/2023,844,186,1,1031,0.1179,0.026,0.0001,0.1441
2023,15,09/04/2023,15/04/2023,1668,343,4,2015,0.1445,0.0297,0.0003,0.1745
2023,16,16/04/2023,22/04/2023,1117,231,5,1352,0.1504,0.0311,0.0007,0.182
2023,17,23/04/2023,29/04/2023,982,238,5,1242,0.1167,0.0283,0.0006,0.1476
2023,18,30/04/2023,06/05/2023,613,212,3,860,0.0705,0.0244,0.0003,0.0989
2023,19,07/05/2023,13/05/2023,411,158,0,596,0.0441,0.017,0,0.064
2023,20,14/05/2023,20/05/2023,237,100,0,353,0.0257,0.0108,0,0.0383
2023,21,21/05/2023,27/05/2023,111,78,3,198,0.0124,0.0087,0.0003,0.0221
2023,22,28/05/2023,03/06/2023,61,84,1,148,0.0077,0.0106,0.0001,0.0187
2023,23,04/06/2023,10/06/2023,34,47,0,86,0.0061,0.0084,0,0.0153
2023,24,11/06/2023,17/06/2023,36,70,1,111,0.006,0.0117,0.0002,0.0185
2023,25,18/06/2023,24/06/2023,45,91,1,140,0.0085,0.0172,0.0002,0.0265
2023,26,25/06/2023,01/07/2023,46,130,0,179,0.008,0.0227,0,0.0313
2023,27,02/07/2023,08/07/2023,70,252,1,323,0.0124,0.0446,0.0002,0.0571
2023,28,09/07/2023,15/07/2023,101,328,10,443,0.0176,0.057,0.0017,0.077
2023,29,16/07/2023,22/07/2023,69,445,4,524,0.0113,0.0728,0.0007,0.0857
2023,30,23/07/2023,29/07/2023,50,469,5,529,0.0082,0.0766,0.0008,0.0864
2023,31,30/07/2023,05/08/2023,48,432,11,492,0.0081,0.073,0.0019,0.0831
2023,32,06/08/2023,12/08/2023,69,447,12,535,0.0112,0.0726,0.0019,0.0869
2023,33,13/08/2023,19/08/2023,85,525,12,626,0.0133,0.0824,0.0019,0.0983
2023,34,20/08/2023,26/08/2023,110,553,22,690,0.0169,0.0849,0.0034,0.106
2023,35,27/08/2023,02/09/2023,83,610,17,713,0.0151,0.1109,0.0031,0.1296
2023,36,03/09/2023,09/09/2023,87,895,13,1002,0.0111,0.1142,0.0017,0.1279
2023,37,10/09/2023,16/09/2023,76,770,23,870,0.0101,0.1026,0.0031,0.1159
2023,38,17/09/2023,23/09/2023,138,867,24,1039,0.018,0.1129,0.0031,0.1353
2023,39,24/09/2023,30/09/2023,117,966,52,1141,0.0153,0.1265,0.0068,0.1494
2023,40,01/10/2023,07/10/2023,139,988,48,1187,0.0156,0.1107,0.0054,0.133
2023,41,08/10/2023,14/10/2023,68,572,48,701,0.0092,0.0778,0.0065,0.0953
2023,42,15/10/2023,21/10/2023,44,387,44,481,0.0059,0.0519,0.0059,0.0646
2023,43,22/10/2023,28/10/2023,30,305,38,379,0.0043,0.0438,0.0055,0.0544
2023,44,29/10/2023,04/11/2023,26,226,52,306,0.0036,0.0313,0.0072,0.0424
2023,45,05/11/2023,11/11/2023,23,194,45,267,0.0032,0.0268,0.0062,0.0369
2023,46,12/11/2023,18/11/2023,17,171,45,239,0.0025,0.0254,0.0067,0.0356
2023,47,19/11/2023,25/11/2023,21,210,55,289,0.0029,0.0285,0.0075,0.0392
2023,48,26/11/2023,02/12/2023,24,241,56,328,0.0033,0.0332,0.0077,0.0452
2023,49,03/12/2023,09/12/2023,26,195,42,269,0.0036,0.0272,0.0059,0.0376
2023,50,10/12/2023,16/12/2023,30,280,43,366,0.004,0.0374,0.0058,0.049
2023,51,17/12/2023,23/12/2023,32,282,58,384,0.0047,0.0419,0.0086,0.057
2023,52,24/12/2023,30/12/2023,84,529,53,678,0.0105,0.0662,0.0066,0.0849
2024,1,31/12/2023,06/01/2024,66,775,166,1021,0.0076,0.0893,0.0191,0.1177
2024,2,07/01/2024,13/01/2024,61,699,163,948,0.0069,0.0787,0.0183,0.1067
2024,3,14/01/2024,20/01/2024,47,411,88,560,0.0058,0.0507,0.0109,0.0691
2024,4,21/01/2024,27/01/2024,31,255,85,389,0.0039,0.0321,0.0107,0.049
2024,5,28/01/2024,03/02/2024,29,282,120,442,0.0034,0.0333,0.0142,0.0522
2024,6,04/02/2024,10/02/2024,37,299,150,496,0.0048,0.0384,0.0193,0.0638
2024,7,11/02/2024,17/02/2024,121,319,160,611,0.0131,0.0344,0.0173,0.066
2024,8,18/02/2024,24/02/2024,177,288,218,702,0.0171,0.0278,0.021,0.0677
2024,9,25/02/2024,02/03/2024,168,242,197,635,0.0181,0.0261,0.0213,0.0685
2024,10,03/03/2024,09/03/2024,207,213,156,591,0.0208,0.0214,0.0156,0.0593
2024,11,10/03/2024,16/03/2024,279,242,136,683,0.0275,0.0239,0.0134,0.0674
2024,12,17/03/2024,23/03/2024,295,172,127,628,0.0279,0.0163,0.012,0.0594
2024,13,24/03/2024,30/03/2024,315,111,79,532,0.0333,0.0117,0.0084,0.0563
2024,14,31/03/2024,06/04/2024,351,120,56,548,0.0376,0.0129,0.006,0.0587
2024,15,07/04/2024,13/04/2024,582,125,59,804,0.0635,0.0136,0.0064,0.0877
2024,16,14/04/2024,20/04/2024,742,96,62,953,0.0761,0.0098,0.0064,0.0977
2024,17,21/04/2024,27/04/2024,841,124,51,1059,0.0844,0.0124,0.0051,0.1063
2024,18,28/04/2024,04/05/2024,1304,130,36,1549,0.1225,0.0122,0.0034,0.1455
2024,19,05/05/2024,11/05/2024,1361,99,43,1613,0.1279,0.0093,0.004,0.1516
2024,20,12/05/2024,18/05/2024,1160,79,29,1358,0.1099,0.0075,0.0027,0.1287
2024,21,19/05/2024,25/05/2024,703,65,30,868,0.0706,0.0065,0.003,0.0871
2024,22,26/05/2024,01/06/2024,534,64,14,658,0.0549,0.0066,0.0014,0.0677
2024,23,02/06/2024,08/06/2024,451,36,7,526,0.0513,0.0041,0.0008,0.0599
2024,24,09/06/2024,15/06/2024,388,40,9,465,0.0436,0.0045,0.001,0.0522
2024,25,16/06/2024,22/06/2024,425,30,13,504,0.0472,0.0033,0.0014,0.0559
2024,26,23/06/2024,29/06/2024,487,45,15,597,0.0525,0.0048,0.0016,0.0643
2024,27,30/06/2024,06/07/2024,475,38,9,548,0.0553,0.0044,0.001,0.0638
2024,28,07/07/2024,13/07/2024,449,51,7,527,0.0514,0.0058,0.0008,0.0604
2024,29,14/07/2024,20/07/2024,369,53,3,436,0.0437,0.0063,0.0004,0.0516
2024,30,21/07/2024,27/07/2024,335,60,11,419,0.0373,0.0067,0.0012,0.0466
2024,31,28/07/2024,03/08/2024,232,50,5,306,0.028,0.006,0.0006,0.0369
2024,32,04/08/2024,10/08/2024,143,66,11,234,0.0166,0.0077,0.0013,0.0272
2024,33,11/08/2024,17/08/2024,95,39,7,147,0.0121,0.005,0.0009,0.0187
2024,34,18/08/2024,24/08/2024,94,34,3,137,0.0122,0.0044,0.0004,0.0178
2024,35,25/08/2024,31/08/2024,89,33,5,136,0.0112,0.0041,0.0006,0.0171
2024,36,01/09/2024,07/09/2024,96,26,5,129,0.0127,0.0034,0.0007,0.017
2024,37,08/09/2024,14/09/2024,77,19,4,102,0.0103,0.0025,0.0005,0.0137
2024,38,15/09/2024,21/09/2024,74,12,5,92,0.0099,0.0016,0.0007,0.0123
2024,39,22/09/2024,28/09/2024,61,16,8,89,0.008,0.0021,0.0011,0.0117
2024,40,29/09/2024,05/10/2024,55,15,22,95,0.0075,0.002,0.003,0.0129
2024,41,06/10/2024,12/10/2024,42,5,7,55,0.006,0.0007,0.001,0.0078
2024,42,13/10/2024,19/10/2024,23,2,10,36,0.0031,0.0003,0.0013,0.0048
